{"cameraMode":{"drawMode":0,"name":"Shaded","section":"Shading Mode"},"sceneLighting":true,"audioPlay":false,"sceneViewState":{"showFog":true,"showMaterialUpdate":false,"showSkybox":true,"showFlares":true,"showImageEffects":true,"showParticleSystems":true,"showVisualEffectGraphs":true,"m_FxEnabled":true},"in2DMode":false,"pivot":{"x":2.4800000190734865,"y":0.6059999465942383,"z":22.709999084472658},"rotation":{"x":-0.5473732352256775,"y":0.0683249831199646,"z":-0.044984955340623859,"w":-0.8329024910926819},"size":1.0677077770233155,"orthographic":false}